时间,邀请码,HTTP状态,有效性,成员数,在线数,备注
2026-10-07 09:55:55 UTC,ftFV2TCKEx,200,True,391246,14250,
2026-10-07 09:55:55 UTC,odysseia,200,True,391246,14250,
2026-10-07 10:05:23 UTC,ftFV2TCKEx,200,True,391246,14301,
2026-10-07 10:05:23 UTC,odysseia,200,True,391246,14301,
2026-10-07 12:03:28 UTC,ftFV2TCKEx,200,True,391242,15595,
2026-10-07 12:03:28 UTC,odysseia,200,True,391242,15595,
2026-10-07 12:13:29 UTC,ftFV2TCKEx,200,True,391242,15694,
2026-10-07 12:13:29 UTC,odysseia,200,True,391242,15694,
2026-10-07 12:23:29 UTC,ftFV2TCKEx,200,True,391242,15947,
2026-10-07 12:23:29 UTC,odysseia,200,True,391242,15804,
2026-10-07 12:33:30 UTC,ftFV2TCKEx,200,True,391241,16016,
2026-10-07 12:33:30 UTC,odysseia,200,True,391241,16016,
2026-10-07 12:43:32 UTC,ftFV2TCKEx,200,True,391241,16216,
2026-10-07 12:43:32 UTC,odysseia,200,True,391241,16100,
2026-10-07 12:53:33 UTC,ftFV2TCKEx,200,True,391241,16398,
2026-10-07 12:53:33 UTC,odysseia,200,True,391241,16216,
2026-10-07 13:03:34 UTC,ftFV2TCKEx,200,True,391240,16384,
2026-10-07 13:03:34 UTC,odysseia,200,True,391240,16384,
2026-10-07 13:13:35 UTC,ftFV2TCKEx,200,True,391239,16529,
2026-10-07 13:13:35 UTC,odysseia,200,True,391239,16529,
2026-10-07 13:23:36 UTC,ftFV2TCKEx,200,True,391239,16625,
2026-10-07 13:23:36 UTC,odysseia,200,True,391239,16625,
2026-10-07 13:33:37 UTC,ftFV2TCKEx,200,True,391239,16630,
2026-10-07 13:33:37 UTC,odysseia,200,True,391239,16630,
2026-10-07 13:43:37 UTC,ftFV2TCKEx,200,True,391239,16778,
2026-10-07 13:43:37 UTC,odysseia,200,True,391239,16733,
2026-10-07 13:53:38 UTC,ftFV2TCKEx,200,True,391239,16858,
2026-10-07 13:53:38 UTC,odysseia,200,True,391239,16858,
2026-10-07 14:03:39 UTC,ftFV2TCKEx,200,True,391239,16947,
2026-10-07 14:03:39 UTC,odysseia,200,True,391239,16947,
2026-10-07 14:13:40 UTC,ftFV2TCKEx,200,True,391239,16943,
2026-10-07 14:13:40 UTC,odysseia,200,True,391239,16943,
2026-10-07 14:23:40 UTC,ftFV2TCKEx,200,True,391239,17087,
2026-10-07 14:23:40 UTC,odysseia,200,True,391239,16931,
2026-10-07 14:33:41 UTC,ftFV2TCKEx,200,True,391239,17006,
2026-10-07 14:33:41 UTC,odysseia,200,True,391239,17006,
2026-10-07 14:43:42 UTC,ftFV2TCKEx,200,True,391239,16878,
2026-10-07 14:43:42 UTC,odysseia,200,True,391239,16941,
2026-10-07 14:53:42 UTC,ftFV2TCKEx,200,True,391239,16797,
2026-10-07 14:53:42 UTC,odysseia,200,True,391239,16797,
2026-10-07 15:03:43 UTC,ftFV2TCKEx,200,True,391239,16814,
2026-10-07 15:03:43 UTC,odysseia,200,True,391239,16814,
2026-10-07 15:13:44 UTC,ftFV2TCKEx,200,True,391239,16562,
2026-10-07 15:13:44 UTC,odysseia,200,True,391239,16562,
2026-10-07 15:23:45 UTC,ftFV2TCKEx,200,True,391239,16442,
2026-10-07 15:23:45 UTC,odysseia,200,True,391239,16442,
2026-10-07 15:33:45 UTC,ftFV2TCKEx,200,True,391239,16223,
2026-10-07 15:33:45 UTC,odysseia,200,True,391239,16458,
2026-10-07 15:43:46 UTC,ftFV2TCKEx,200,True,391239,16023,
2026-10-07 15:43:46 UTC,odysseia,200,True,391239,16223,
2026-10-07 15:53:48 UTC,ftFV2TCKEx,200,True,391239,15931,
2026-10-07 15:53:48 UTC,odysseia,200,True,391239,15931,
2026-10-07 16:03:49 UTC,ftFV2TCKEx,200,True,391239,15790,
2026-10-07 16:03:49 UTC,odysseia,200,True,391239,15756,
2026-10-07 16:13:49 UTC,ftFV2TCKEx,200,True,391239,15585,
2026-10-07 16:13:49 UTC,odysseia,200,True,391239,15585,
2026-10-07 16:23:50 UTC,ftFV2TCKEx,200,True,391239,14995,
2026-10-07 16:23:50 UTC,odysseia,200,True,391239,15238,
2026-10-07 16:33:51 UTC,ftFV2TCKEx,200,True,391239,14561,
2026-10-07 16:33:51 UTC,odysseia,200,True,391239,14561,
2026-10-07 16:43:51 UTC,ftFV2TCKEx,200,True,391239,14034,
2026-10-07 16:43:51 UTC,odysseia,200,True,391239,14390,
2026-10-07 16:53:52 UTC,ftFV2TCKEx,200,True,391239,13800,
2026-10-07 16:53:52 UTC,odysseia,200,True,391239,13800,
2026-10-07 17:03:53 UTC,ftFV2TCKEx,200,True,391239,13200,
2026-10-07 17:03:53 UTC,odysseia,200,True,391239,13444,
2026-10-07 17:13:54 UTC,ftFV2TCKEx,200,True,391238,12804,
2026-10-07 17:13:54 UTC,odysseia,200,True,391238,13200,
2026-10-07 17:23:55 UTC,ftFV2TCKEx,200,True,391238,12563,
2026-10-07 17:23:55 UTC,odysseia,200,True,391238,12563,
2026-10-07 17:33:55 UTC,ftFV2TCKEx,200,True,391238,12305,
2026-10-07 17:33:55 UTC,odysseia,200,True,391238,12305,
2026-10-07 17:34:06 UTC,ftFV2TCKEx,200,True,391238,12305,
2026-10-07 17:34:06 UTC,odysseia,200,True,391238,12305,
2026-10-07 17:44:07 UTC,ftFV2TCKEx,200,True,391238,11728,
2026-10-07 17:44:07 UTC,odysseia,200,True,391238,11953,
2026-10-07 17:54:08 UTC,ftFV2TCKEx,200,True,391238,11431,
2026-10-07 17:54:08 UTC,odysseia,200,True,391238,11728,
2026-10-07 18:04:08 UTC,ftFV2TCKEx,200,True,391237,11068,
2026-10-07 18:04:08 UTC,odysseia,200,True,391237,11068,
2026-10-07 18:14:09 UTC,ftFV2TCKEx,200,True,391237,10650,
2026-10-07 18:14:09 UTC,odysseia,200,True,391237,10948,
2026-10-07 18:24:10 UTC,ftFV2TCKEx,200,True,391237,10463,
2026-10-07 18:24:10 UTC,odysseia,200,True,391237,10650,
2026-10-07 18:34:11 UTC,ftFV2TCKEx,200,True,391237,10131,
2026-10-07 18:34:11 UTC,odysseia,200,True,391237,10254,
2026-10-07 18:44:11 UTC,ftFV2TCKEx,200,True,391237,10040,
2026-10-07 18:44:11 UTC,odysseia,200,True,391237,10040,
2026-10-07 18:54:12 UTC,ftFV2TCKEx,200,True,391237,9722,
2026-10-07 18:54:12 UTC,odysseia,200,True,391237,9853,
2026-10-07 19:04:13 UTC,ftFV2TCKEx,200,True,391237,9498,
2026-10-07 19:04:13 UTC,odysseia,200,True,391237,9722,
2026-10-07 19:14:14 UTC,ftFV2TCKEx,200,True,391236,9304,
2026-10-07 19:14:14 UTC,odysseia,200,True,391236,9304,
2026-10-07 19:24:14 UTC,ftFV2TCKEx,200,True,391236,9024,
2026-10-07 19:24:14 UTC,odysseia,200,True,391236,9119,
2026-10-07 19:34:15 UTC,ftFV2TCKEx,200,True,391236,8851,
2026-10-07 19:34:15 UTC,odysseia,200,True,391236,9024,
2026-10-07 19:44:15 UTC,ftFV2TCKEx,200,True,391236,8626,
2026-10-07 19:44:15 UTC,odysseia,200,True,391236,8732,
2026-10-07 19:54:16 UTC,ftFV2TCKEx,200,True,391236,8500,
2026-10-07 19:54:16 UTC,odysseia,200,True,391236,8626,
2026-10-07 20:04:17 UTC,ftFV2TCKEx,200,True,391236,8398,
2026-10-07 20:04:17 UTC,odysseia,200,True,391236,8398,
2026-10-07 20:14:17 UTC,ftFV2TCKEx,200,True,391236,8314,
2026-10-07 20:14:17 UTC,odysseia,200,True,391236,8314,
2026-10-07 20:24:18 UTC,ftFV2TCKEx,200,True,391236,8140,
2026-10-07 20:24:18 UTC,odysseia,200,True,391236,8140,
2026-10-07 20:34:19 UTC,ftFV2TCKEx,200,True,391236,7988,
2026-10-07 20:34:19 UTC,odysseia,200,True,391236,8038,
2026-10-07 20:44:19 UTC,ftFV2TCKEx,200,True,391236,7871,
2026-10-07 20:44:19 UTC,odysseia,200,True,391236,7893,
2026-10-07 20:54:20 UTC,ftFV2TCKEx,200,True,391236,7774,
2026-10-07 20:54:20 UTC,odysseia,200,True,391236,7774,
2026-10-07 21:04:21 UTC,ftFV2TCKEx,200,True,391236,7720,
2026-10-07 21:04:21 UTC,odysseia,200,True,391236,7720,
2026-10-07 21:14:21 UTC,ftFV2TCKEx,200,True,391236,7571,
2026-10-07 21:14:21 UTC,odysseia,200,True,391236,7640,
2026-10-07 21:24:24 UTC,ftFV2TCKEx,200,True,391236,7566,
2026-10-07 21:24:24 UTC,odysseia,200,True,391236,7566,
2026-10-07 21:34:25 UTC,ftFV2TCKEx,200,True,391236,7468,
2026-10-07 21:34:25 UTC,odysseia,200,True,391236,7566,
2026-10-07 21:44:26 UTC,ftFV2TCKEx,200,True,391236,7392,
2026-10-07 21:44:26 UTC,odysseia,200,True,391236,7392,
2026-10-07 21:54:28 UTC,ftFV2TCKEx,200,True,391236,7341,
2026-10-07 21:54:28 UTC,odysseia,200,True,391236,7341,
2026-10-07 22:04:29 UTC,ftFV2TCKEx,200,True,391235,7331,
2026-10-07 22:04:29 UTC,odysseia,200,True,391236,7329,
2026-10-07 22:14:29 UTC,ftFV2TCKEx,200,True,391234,7335,
2026-10-07 22:14:29 UTC,odysseia,200,True,391234,7335,
2026-10-07 22:24:30 UTC,ftFV2TCKEx,200,True,391234,7306,
2026-10-07 22:24:30 UTC,odysseia,200,True,391234,7306,
2026-10-07 22:34:31 UTC,ftFV2TCKEx,200,True,391233,7301,
2026-10-07 22:34:31 UTC,odysseia,200,True,391234,7301,
2026-10-07 22:44:31 UTC,ftFV2TCKEx,200,True,391233,7294,
2026-10-07 22:44:31 UTC,odysseia,200,True,391233,7326,
2026-10-07 22:54:32 UTC,ftFV2TCKEx,200,True,391233,7370,
2026-10-07 22:54:32 UTC,odysseia,200,True,391233,7294,
2026-10-07 23:04:33 UTC,ftFV2TCKEx,200,True,391233,7314,
2026-10-07 23:04:33 UTC,odysseia,200,True,391233,7314,
